Animal,Adjectives,Colors,Verbs,Animales,Adjectivos,Verbos,Colores,Sustantivos,Animal2
Zebu,TRUE,yellow,Write,Zunzún,viejo,volver,verde,ocho,Zebu
Zebra,FALSE,white,Worry,Zubrón,usual,vivir,rosado,obra,Zebra
Zander,zigzag,violet,Win,Zorzal,urbano,ver,rosa,objeto,Zander
Yeti,zesty,tomato,Weigh,Zorro,unido,venir,rojo,nueve,Yeti
Yak,zany,teal,Wave,Zorra,único,vender,marrón,nombre,Yak
Wren,yummy,tan,Wash,Zonuro,último,variar,gris,nivel,Wren
worm,young,silver,Walk,Zigena,tu,usar,color,música,worm
Wombat,yellow,salmon,Wait,Zifio,triste,tratar,café,modo,Wombat
Wolf,yearly,rose,Value,Zerete,suave,traer,blanco,millón,Wolf
Whale,wry,red,Use,zebra,su,tomar,azul,mil,Whale
Weevil,wrong,purple,Twist,Zanclo,solo,tocar,,miedo,Weevil
Weasel,worthy,plum,Turnon,Zanate,social,tener,,meta,Weasel
Wasp,worst,pink,Turn,Zamuro,simple,ser,,mejora,Wasp
Walrus,worse,peach,Trust,Zafiro,serio,sentir,,manera,Walrus
Vole,worn,orange,Trip,Yuhina,salado,seguir,,lugar,Vole
Viper,wordy,olive,Toss,Yetapá,rural,salir,,logro,Viper
Vicuna,woozy,maroon,Tiptoe,Yegua,real,saber,,largo,Vicuna
Vervet,wooden,lime,Throw,Yarará,raro,romper,,imagen,Vervet
Urutu,woeful,jade,Think,Yapok,quinto,reír,,idea,Urutu
Urial,wobbly,ivory,Teach,Yal,propio,quitar,,guerra,Urial
Urchin,witty,indigo,Taste,Yak,primer,querer,,grupo,Urchin
Uakari,wise,green,Talk,Yaguar,pesado,probar,,grado,Uakari
Turtle,wiry,gray,Take,Yaco,otro,poner,,futuro,Turtle
Turkey,winged,gold,Swim,Yacaré,nuevo,poder,,fuerza,Turkey
Tuna,windy,cyan,Study,Yaca,mi,pesar,,frente,Tuna
Trout,wilted,coral,Stir,Xerus,menor,pensar,,forma,Trout
Toucan,wild,copper,Steam,Xarda,mayor,pegar,,fondo,Toucan
Toad,wiggly,coffee,Stand,Wombat,manual,pedir,,física,Toad
Tiglon,wide,brown,Stack,Weta,malo,patear,,final,Tiglon
Tiger,wicked,bronze,Squat,Wapití,local,partir,,fin,Tiger
Tick,whole,blush,Spread,Walaró,ligero,oler,,figura,Tick
Thrush,white,blue,Spell,Walabí,lejano,oír,,favor,Thrush
Tern,which,black,Solve,Viuda,junto,odiar,,fase,Tern
Tarpan,wet,beige,Snore,Visón,joven,negar,,falta,Tarpan
Tapir,weird,azure,Smell,Vireón,igual,nacer,,éxito,Tapir
Takin,weepy,aqua,Slip,Vireo,grueso,mover,,etapa,Takin
Tahr,weekly,amber,Slice,Vinago,grande,morir,,estilo,Tahr
Swift,wee,,Sleep,Vieja,gran,morder,,espera,Swift
Swan,webbed,,Skip,Vieira,fuerte,medir,,enojo,Swan
Stork,weary,,Sit,Vicuña,frío,llorar,,enfado,Stork
Stoat,weak,,Sing,Víbora,fresco,llevar,,empleo,Stoat
Squid,wavy,,Show,Verdín,firme,llegar,,efecto,Squid
Sponge,watery,,Shoot,Verdel,feliz,leer,,editar,Sponge
Spider,wary,,Shock,Venado,falso,lanzar,,edad,Spider
Sole,warped,,Shame,Varano,fácil,jugar,,duda,Sole
Snipe,warm,,Shake,Vanga,editar,ir,,dragón,Snipe
Snake,wan,,Sew,Vaca,duro,hacer,,dos,Snake
Snails,vivid,,Serve,Urutaú,dulce,hablar,,don,Snails
Snail,vital,,Send,Urta,décimo,haber,,dolor,Snail
Smelt,violet,,Sell,Ursón,débil,faltar,,dios,Smelt
Slugs,vast,,Say,Urraca,dado,evitar,,dinero,Slugs
Slug,vapid,,Saute,Uro,cuarto,estar,,diez,Slug
Sloth,valid,,Run,Urina,común,entrar,,dibujo,Sloth
Skunks,vain,,Roll,Urial,cierto,dormir,,día,Skunks
Skunk,vague,,Roast,Uómbat,caro,doblar,,deseo,Skunk
Skink,vacant,,Ride,Uapití,capaz,desear,,década,Skink
Shrimp,utter,,Repent,Ualarú,calmo,dejar,,dato,Shrimp
Shrew,useful,,Regret,Ualabí,cada,decir,,dama,Shrew
Sheep,used,,Recall,Uacarí,bueno,deber,,curso,Sheep
Shark,usable,,Read,Tuza,buen,dar,,cuervo,Shark
Seal,urban,,Reach,Turón,blando,creer,,cuerpo,Seal
Salmon,upset,,Push,Turca,barato,crecer,,cuerda,Salmon
Rook,upbeat,,Punch,Turaco,bajo,crear,,cuenta,Rook
Rodent,unused,,Pull,Tur,amplio,cortar,,cuello,Rodent
Robin,untrue,,Pride,Tupaya,amargo,comer,,cuatro,Robin
Rhino,untidy,,Pour,Tunqui,alto,coger,,cuarto,Rhino
Ray,unsung,,Point,Tucuxi,ajeno,clavar,,cuadro,Ray
Raven,unruly,,Play,Tucán,actual,cerrar,,crisis,Raven
Rat,unripe,,Plan,Trucha,,cantar,,costa,Rat
Rabbit,united,,Pinch,Trogón,,callar,,cosa,Rabbit
Quokka,unique,,Pickup,Tritón,,buscar,,corte,Quokka
Quelea,unfit,,Peel,Trips,,beber,,conejo,Quelea
Quail,uneven,,Pass,Trile,,ayudar,,comida,Quail
Python,ugly,,Paint,Tovacá,,atar,,coma,Python
Puma,twin,,Open,Totí,,añadir,,colega,Puma
Puffin,tubby,,Nod,Toro,,amar,,código,Puffin
Prawn,trusty,,Need,Torito,,alejar,,club,Prawn
Possum,trim,,Mix,Tordo,,abrir,,clima,Possum
Pony,tricky,,Miss,Toquí,,,,clavo,Pony
Pike,tragic,,Melt,Topo,,,,clase,Pike
Pigeon,tough,,March,Topi,,,,ciudad,Pigeon
Pig,total,,Make,Tonino,,,,cine,Pig
Perch,torn,,Love,Tonina,,,,cinco,Perch
Parrot,tired,,Look,Tomate,,,,ciervo,Parrot
Panda,tiny,,Long,Tollo,,,,ciento,Panda
Ox,tinted,,Listen,Toco,,,,cien,Ox
Owl,timely,,Like,Titira,,,,cielo,Owl
Otter,tight,,Lift,Tití,,,,chino,Otter
Osprey,tidy,,Lick,Titi,,,,cerro,Osprey
Orca,those,,Learn,Tirica,,,,cero,Orca
Ocelot,thorny,,Leap,Tirano,,,,cerdo,Ocelot
Newt,this,,Lean,Típula,,,,cebada,Newt
Muskox,third,,Layer,Tiñosa,,,,causa,Muskox
Mule,thin,,Laugh,Tinamú,,,,caso,Mule
Mouse,thick,,Knit,Tímalo,,,,casa,Mouse
Moth,these,,Kneel,Timalí,,,,carta,Moth
Moose,that,,Kiss,Tilopo,,,,carne,Moose
Monkey,testy,,Kick,Tigre,,,,cargo,Monkey
Mole,tepid,,Jump,Tigón,,,,campo,Mole
Mite,tense,,Judge,Tigana,,,,camisa,Mite
Minnow,tender,,Jog,Tieke,,,,camino,Minnow
Mink,taut,,Invent,Teyú,,,,cambio,Mink
marten,tasty,,Infer,Tetra,,,,cámara,marten
Marmot,tart,,Hug,Tesia,,,,cama,Marmot
Marlin,tan,,Hope,Tenrec,,,,calor,Marlin
Mantis,tame,,Hop,Tenia,,,,calle,Mantis
mammal,tall,,Hold,Tenca,,,,cadera,mammal
Magpie,swift,,Hit,Tejón,,,,cabo,Magpie
Macaw,sweet,,Hate,Taruca,,,,cabeza,Macaw
Lynx,sweaty,,Guilt,Tarro,,,,bus,Lynx
Louse,svelte,,Grate,Tarpón,,,,brazo,Louse
Loon,superb,,Grasp,Tarpán,,,,bragas,Loon
Locust,super,,Grab,Tar,,,,botón,Locust
Llama,sunny,,Give,Tapir,,,,bosque,Llama
Lizard,sugary,,Fry,Tapetí,,,,bolso,Lizard
Lion,sudden,,Focus,Tanuki,,,,bolsa,Lion
Limpet,subtle,,Fly,Tambor,,,,boleto,Limpet
Lice,sturdy,,Flip,Takín,,,,bicho,Lice
Leopon,stupid,,Fix,Takahe,,,,bebida,Leopon
Lemur,strong,,Find,Taira,,,,bebé,Lemur
Leech,strict,,Fight,Tábano,,,,base,Leech
Lark,stormy,,Fear,Surubí,,,,barro,Lark
Lamb,stingy,,Eat,Surili,,,,bambú,Lamb
Lama,stiff,,Drop,Suño,,,,babosa,Lama
Krill,sticky,,Drive,Suni,,,,ayuda,Krill
Koi,steep,,Drink,Sula,,,,ayer,Koi
Koala,steel,,Dream,Suela,,,,avión,Koala
Kiwi,starry,,Draw,Sonso,,,,avena,Kiwi
Kite,stark,,Drag,Solla,,,,avance,Kite
Kid,stale,,Doubt,Soco,,,,autor,Kid
Jay,staid,,Dive,Sisón,,,,atún,Jay
Jaguar,stable,,Dig,Sirena,,,,ataque,Jaguar
Jackal,square,,Detest,Siluro,,,,arte,Jackal
Insect,spry,,Desire,Silfo,,,,arroz,Insect
Impala,spiffy,,Deduce,Sigano,,,,arma,Impala
Iguana,spicy,,Decide,Sifaca,,,,área,Iguana
Hyrax,speedy,,Dance,Sierra,,,,árbol,Hyrax
Hyena,sparse,,Cut,Sibia,,,,araña,Hyena
Horse,sour,,Cry,Shama,,,,apoyo,Horse
Hornet,soupy,,Create,Serval,,,,año,Hornet
Heron,sore,,Crawl,Serín,,,,animal,Heron
Hen,some,,Crave,Serete,,,,ancho,Hen
Hawk,somber,,Count,Serau,,,,amor,Hawk
Hare,solid,,Cook,Sepia,,,,amigo,Hare
Guppy,soggy,,Close,Sauro,,,,altura,Guppy
Gull,soft,,Climb,Sasin,,,,alto,Gull
Guan,snoopy,,Clean,Sarrio,,,,alma,Guan
Grouse,sneaky,,Clap,Sargo,,,,alemán,Grouse
Gopher,snappy,,Chop,Sarda,,,,aire,Gopher
Goose,smug,,Choose,Sapo,,,,aguja,Goose
Goat,smooth,,Chew,Sapata,,,,águila,Goat
Gnat,smoggy,,Catch,Saola,,,,agua,Gnat
Gibbon,smart,,Carry,Sambar,,,,adulto,Gibbon
Gerbil,small,,Call,Saltón,,,,acto,Gerbil
Gecko,slushy,,Buy,Salpa,,,,acción,Gecko
gayal,slow,,Break,Salmón,,,,abuelo,gayal
Frog,slimy,,Bow,Salema,,,,abrigo,Frog
Fox,slim,,Bounce,Salano,,,,,Fox
Fowl,slight,,Boil,Saki,,,,,Fowl
Fly,sleepy,,Blame,Saiga,,,,,Fly
Flea,skinny,,Bite,Sahuí,,,,,Flea
Fish,single,,Bend,Saboga,,,,,Fish
Finch,sinful,,Bathe,Sable,,,,,Finch
Ferret,simple,,Bake,Sábalo,,,,,Ferret
Falcon,silver,,Assess,Rutilo,,,,,Falcon
Erne,silly,,Ask,Rufo,,,,,Erne
Ermine,silky,,Admire,Rubio,,,,,Ermine
Emu,silent,,Add,Rosada,,,,,Emu
Elk,sick,,Accept,Ronco,,,,,Elk
Egret,shy,,,Rohu,,,,,Egret
Eel,shrill,,,Rocín,,,,,Eel
Earwig,showy,,,Robín,,,,,Earwig
Eagle,short,,,Róbalo,,,,,Eagle
Duck,shoddy,,,Rezno,,,,,Duck
Drake,shiny,,,Reno,,,,,Drake
Dragon,sharp,,,Rémora,,,,,Dragon
Dove,shady,,,Rémol,,,,,Dove
Donkey,shabby,,,Reloj,,,,,Donkey
Dog,severe,,,Rebeco,,,,,Dog
Dingo,serene,,,Raya,,,,,Dingo
Deer,secret,,,Ratona,,,,,Deer
Cuckoo,second,,,Ratón,,,,,Cuckoo
Crow,scary,,,Ratina,,,,,Crow
Crane,scared,,,Ratel,,,,,Crane
Crab,scarce,,,Rata,,,,,Crab
Coyote,scaly,,,Rascón,,,,,Coyote
Cow,sane,,,Rape,,,,,Cow
Cougar,sandy,,,Ranita,,,,,Cougar
Coral,same,,,Rana,,,,,Coral
Condor,salty,,,Rabosa,,,,,Condor
Coho,safe,,,Rabil,,,,,Coho
Cod,sad,,,Quol,,,,,Cod
Cobra,rusty,,,Quokka,,,,,Cobra
Clam,rural,,,Quiula,,,,,Clam
Cicada,runny,,,Quitón,,,,,Cicada
Cattle,rude,,,Quinde,,,,,Cattle
Cat,ruddy,,,Quetru,,,,,Cat
Carp,royal,,,Quelea,,,,,Carp
canid,rowdy,,,Quagga,,,,,canid
Canary,round,,,Puma,,,,,Canary
Camel,rough,,,Pulpo,,,,,Camel
Calf,rotten,,,Pulgón,,,,,Calf
Bull,rosy,,,Pulga,,,,,Bull
Bug,robust,,,Pudú,,,,,Bug
Budgie,ripe,,,Pucú,,,,,Budgie
Buck,ringed,,,Proteo,,,,,Buck
Bovid,rigid,,,Prinia,,,,,Bovid
Booby,right,,,Potoro,,,,,Booby
Bonobo,rich,,,Potón,,,,,Bonobo
Bobcat,remote,,,Poto,,,,,Bobcat
Boar,regal,,,Pota,,,,,Boar
Boa,red,,,Pósum,,,,,Boa
Bison,recent,,,Porrón,,,,,Bison
Bird,real,,,Poni,,,,,Bird
Beetle,ready,,,Pollo,,,,,Beetle
Bee,raw,,,Polla,,,,,Bee
Bedbug,rash,,,Pluma,,,,,Bedbug
Beaver,rare,,,Platy,,,,,Beaver
Bear,rapid,,,Piure,,,,,Bear
Bat,ragged,,,Pitón,,,,,Bat
Bass,quirky,,,Pito,,,,,Bass
Badger,quiet,,,Pita,,,,,Badger
Baboon,quick,,,Piraña,,,,,Baboon
Asp,queasy,,,Piopio,,,,,Asp
Aphid,quaint,,,Piojo,,,,,Aphid
Ape,putrid,,,Pinzón,,,,,Ape
Ant,pushy,,,Pinuca,,,,,Ant
Alpaca,purple,,,Pijuí,,,,,Alpaca
,pure,,,Pihuel,,,,,
,puny,,,Piha,,,,,
,proud,,,Picure,,,,,
,proper,,,Picudo,,,,,
,prize,,,Pico,,,,,
,prime,,,Piche,,,,,
,pricey,,,Pica,,,,,
,pretty,,,Pibí,,,,,
,posh,,,Piarda,,,,,
,portly,,,Pez,,,,,
,poor,,,Peuco,,,,,
,polite,,,Petrel,,,,,
,poised,,,Peto,,,,,
,plush,,,Perro,,,,,
,plump,,,Perico,,,,,
,plain,,,Perdiz,,,,,
,pink,,,Perca,,,,,
,phony,,,Pepino,,,,,
,petty,,,Peluda,,,,,
,pesky,,,Pelada,,,,,
,perky,,,Pekán,,,,,
,pastel,,,Pecarí,,,,,
,past,,,Pavón,,,,,
,paltry,,,Pavo,,,,,
,pale,,,Pava,,,,,
,oval,,,Paujil,,,,,
,our,,,Pa'ua,,,,,
,other,,,Pato,,,,,
,ornery,,,Patí,,,,,
,ornate,,,Parina,,,,,
,orange,,,Pargo,,,,,
,open,,,Papión,,,,,
,only,,,Panga,,,,,
,old,,,Panda,,,,,
,oily,,,Paloma,,,,,
,odd,,,Palila,,,,,
,oblong,,,Pájaro,,,,,
,obese,,,Paíño,,,,,
,nutty,,,Paiche,,,,,
,numb,,,Pagaza,,,,,
,novel,,,Págalo,,,,,
,noted,,,Pacú,,,,,
,normal,,,Paca,,,,,
,noisy,,,Oxiuro,,,,,
,nippy,,,Oveja,,,,,
,nimble,,,Ou,,,,,
,nifty,,,Otario,,,,,
,nice,,,Ostra,,,,,
,next,,,Ostión,,,,,
,new,,,Oso,,,,,
,needy,,,Óscar,,,,,
,neat,,,Ortiga,,,,,
,near,,,Ortega,,,,,
,nasty,,,Órix,,,,,
,narrow,,,Oribí,,,,,
,naive,,,Oreo,,,,,
,muted,,,Oreja,,,,,
,musty,,,Orca,,,,,
,mushy,,,Opa,,,,,
,murky,,,Onza,,,,,
,muddy,,,Onagro,,,,,
,moral,,,Olingo,,,,,
,moist,,,Olayo,,,,,
,modest,,,Okapi,,,,,
,modern,,,Ofiura,,,,,
,mixed,,,Oca,,,,,
,misty,,,Oblada,,,,,
,minty,,,Obispo,,,,,
,minor,,,Nyala,,,,,
,milky,,,Nutria,,,,,
,mild,,,Numbat,,,,,
,messy,,,Ñu,,,,,
,merry,,,Ñocla,,,,,
,mellow,,,Nínox,,,,,
,meek,,,Nilgó,,,,,
,medium,,,Nigua,,,,,
,meaty,,,Nerita,,,,,
,measly,,,Ñeque,,,,,
,mean,,,Nécora,,,,,
,mealy,,,Navaja,,,,,
,meager,,,Násico,,,,,
,mature,,,Narval,,,,,
,male,,,Ñandú,,,,,
,major,,,Nacra,,,,,
,mad,,,Musola,,,,,
,lumpy,,,Múrice,,,,,
,lucky,,,Mulato,,,,,
,loyal,,,Mula,,,,,
,low,,,Múgil,,,,,
,loving,,,Muflón,,,,,
,lovely,,,Muergo,,,,,
,loud,,,Mosca,,,,,
,lost,,,Morsa,,,,,
,loose,,,Morito,,,,,
,long,,,Morena,,,,,
,lonely,,,Mora,,,,,
,lone,,,Mono,,,,,
,livid,,,Monjon,,,,,
,lively,,,Monja,,,,,
,live,,,Monito,,,,,
,little,,,Monal,,,,,
,liquid,,,Mona,,,,,
,lined,,,Momoto,,,,,
,linear,,,Moma,,,,,
,limp,,,Molva,,,,,
,likely,,,Móloc,,,,,
,light,,,Mojo,,,,,
,legal,,,Mofeta,,,,,
,left,,,Moa,,,,,
,lean,,,Mixino,,,,,
,leafy,,,Mito,,,,,
,lazy,,,Mirlo,,,,,
,lawful,,,Minla,,,,,
,lavish,,,Minero,,,,,
,late,,,Miná,,,,,
,last,,,Milano,,,,,
,large,,,Mielga,,,,,
,lanky,,,Mesito,,,,,
,lame,,,Mero,,,,,
,kosher,,,Merlo,,,,,
,kooky,,,Merlán,,,,,
,known,,,Melva,,,,,
,knotty,,,Mejúa,,,,,
,knobby,,,Medusa,,,,,
,klutzy,,,Mayito,,,,,
,kindly,,,Mayate,,,,,
,kind,,,Mataco,,,,,
,key,,,Maruca,,,,,
,keen,,,Martín,,,,,
,junior,,,Marta,,,,,
,jumpy,,,Marlín,,,,,
,jumbo,,,Marjor,,,,,
,juicy,,,Marica,,,,,
,joyous,,,Margay,,,,,
,joyful,,,Marao,,,,,
,jovial,,,Marabú,,,,,
,jolly,,,Mara,,,,,
,joint,,,Manul,,,,,
,jaunty,,,Mantis,,,,,
,jagged,,,Manta,,,,,
,jaded,,,Mano,,,,,
,itchy,,,Mango,,,,,
,intent,,,Manatí,,,,,
,inborn,,,Mamut,,,,,
,impure,,,Mamo,,,,,
,impish,,,Mamba,,,,,
,ill,,,Maluro,,,,,
,idle,,,Maleo,,,,,
,ideal,,,Macha,,,,,
,icy,,,Macaón,,,,,
,icky,,,Macaco,,,,,
,husky,,,Luna,,,,,
,hungry,,,Lumpo,,,,,
,humble,,,Lúgano,,,,,
,huge,,,Lución,,,,,
,hot,,,Lucio,,,,,
,honest,,,Lubina,,,,,
,homely,,,Lota,,,,,
,hollow,,,Loro,,,,,
,hoarse,,,Loris,,,,,
,high,,,Lori,,,,,
,hidden,,,Lorcha,,,,,
,hefty,,,Loica,,,,,
,heavy,,,Loco,,,,,
,hearty,,,Locha,,,,,
,hasty,,,Lobo,,,,,
,harsh,,,Lobina,,,,,
,hard,,,Llórón,,,,,
,happy,,,Llama,,,,,
,handy,,,Llaca,,,,,
,half,,,Lisa,,,,,
,hairy,,,Lirón,,,,,
,gummy,,,Lirio,,,,,
,guilty,,,Lince,,,,,
,grumpy,,,Limaco,,,,,
,grubby,,,Ligre,,,,,
,grown,,,Liebre,,,,,
,gross,,,Licaón,,,,,
,grimy,,,León,,,,,
,grim,,,Lengua,,,,,
,green,,,Lémur,,,,,
,greedy,,,Lechwe,,,,,
,great,,,Laucha,,,,,
,gray,,,Lapa,,,,,
,grave,,,Lanzón,,,,,
,grand,,,Langur,,,,,
,good,,,Lacha,,,,,
,golden,,,Kulan,,,,,
,glum,,,Kudú,,,,,
,glossy,,,Krill,,,,,
,gloomy,,,Kowari,,,,,
,glass,,,Kokako,,,,,
,giving,,,Koel,,,,,
,gifted,,,Koala,,,,,
,giddy,,,Kiwi,,,,,
,giant,,,Kiula,,,,,
,gentle,,,Kioea,,,,,
,fuzzy,,,Keta,,,,,
,fussy,,,Kea,,,,,
,funny,,,Kaluta,,,,,
,full,,,Kakapo,,,,,
,frugal,,,Kaka,,,,,
,frozen,,,Kagú,,,,,
,frosty,,,Jutía,,,,,
,front,,,Jurela,,,,,
,frizzy,,,Jurel,,,,,
,frilly,,,Junco,,,,,
,frigid,,,Julia,,,,,
,fresh,,,Jote,,,,,
,French,,,Jochi,,,,,
,free,,,Jirafa,,,,,
,frayed,,,Jineta,,,,,
,frank,,,Jiji,,,,,
,frail,,,Jibia,,,,,
,formal,,,Jerbo,,,,,
,forked,,,Jaiba,,,,,
,fond,,,Jaguar,,,,,
,fluid,,,Jacana,,,,,
,fluffy,,,Jabirú,,,,,
,flimsy,,,Jabalí,,,,,
,flawed,,,Irena,,,,,
,flat,,,Irbis,,,,,
,flashy,,,Irará,,,,,
,flaky,,,Iora,,,,,
,fixed,,,Indri,,,,,
,first,,,Inca,,,,,
,firm,,,Inambú,,,,,
,fine,,,Impala,,,,,
,filthy,,,'i'iwi,,,,,
,fickle,,,Iguana,,,,,
,few,,,Ifrita,,,,,
,female,,,Ídolo,,,,,
,feline,,,Ibis,,,,,
,feisty,,,Íbice,,,,,
,fatal,,,Hurón,,,,,
,fat,,,Huro,,,,,
,fast,,,Humano,,,,,
,far,,,Huiña,,,,,
,fancy,,,Huia,,,,,
,famous,,,Huemul,,,,,
,fake,,,Hubara,,,,,
,fair,,,Hombre,,,,,
,faint,,,Hocó,,,,,
,expert,,,Hoacín,,,,,
,exotic,,,Hirola,,,,,
,evil,,,Hihi,,,,,
,every,,,Hiena,,,,,
,even,,,Hidra,,,,,
,equal,,,Hemión,,,,,
,entire,,,Harpía,,,,,
,empty,,,Hāpuku,,,,,
,elated,,,Halcón,,,,,
,edible,,,Habia,,,,,
,easy,,,Guya,,,,,
,early,,,Gusano,,,,,
,eager,,,Gurami,,,,,
,each,,,Gura,,,,,
,dull,,,Guppy,,,,,
,dual,,,Gundi,,,,,
,dry,,,Guirre,,,,,
,droopy,,,Guión,,,,,
,dreary,,,Guatín,,,,,
,drafty,,,Guará,,,,,
,drab,,,Guama,,,,,
,double,,,Grulla,,,,,
,doting,,,Grisón,,,,,
,dopey,,,Grillo,,,,,
,dizzy,,,Grévol,,,,,
,dismal,,,Gran,,,,,
,dirty,,,Graja,,,,,
,direct,,,Gorila,,,,,
,dim,,,Goral,,,,,
,dental,,,Gobio,,,,,
,dense,,,Glotón,,,,,
,deep,,,Gineta,,,,,
,decent,,,Gibón,,,,,
,dear,,,Gelada,,,,,
,deadly,,,Geco,,,,,
,dead,,,Gayal,,,,,
,dark,,,Gavión,,,,,
,daring,,,Gavial,,,,,
,dapper,,,Gaur,,,,,
,damp,,,Gaucho,,,,,
,cute,,,Gato,,,,,
,curvy,,,Garza,,,,,
,curly,,,Gardí,,,,,
,cuddly,,,Ganso,,,,,
,cruel,,,Ganga,,,,,
,crisp,,,Gamuza,,,,,
,creepy,,,Gamo,,,,,
,creamy,,,Gamba,,,,,
,crazy,,,Galupe,,,,,
,crafty,,,Galúa,,,,,
,costly,,,Gallo,,,,,
,corny,,,Galera,,,,,
,cool,,,Galán,,,,,
,cooked,,,Gálago,,,,,
,common,,,Gadela,,,,,
,cold,,,Gacela,,,,,
,coarse,,,Fusta,,,,,
,clumsy,,,Fulmar,,,,,
,cloudy,,,Fredi,,,,,
,closed,,,Fosa,,,,,
,close,,,Fodi,,,,,
,clever,,,Focha,,,,,
,clear,,,Foca,,,,,
,clean,,,Fletán,,,,,
,chubby,,,Fiofío,,,,,
,chilly,,,Fénec,,,,,
,chief,,,Fartet,,,,,
,cheery,,,Farra,,,,,
,cheap,,,Fara,,,,,
,caring,,,Faneca,,,,,
,canine,,,Falsa,,,,,
,candid,,,Faisán,,,,,
,calm,,,Faetón,,,,,
,busy,,,Erizo,,,,,
,burly,,,Emú,,,,,
,bumpy,,,Eminia,,,,,
,bulky,,,Elanio,,,,,
,bubbly,,,Eland,,,,,
,brown,,,Eider,,,,,
,bronze,,,Duiker,,,,,
,broken,,,Duende,,,,,
,brisk,,,Duela,,,,,
,bright,,,Dúcula,,,,,
,brief,,,Drongo,,,,,
,brave,,,Dromas,,,,,
,bowed,,,Dril,,,,,
,bouncy,,,Dragón,,,,,
,both,,,Draco,,,,,
,bossy,,,Dorado,,,,,
,boring,,,Dorada,,,,,
,bony,,,Dole,,,,,
,bold,,,Dólar,,,,,
,bogus,,,Dojo,,,,,
,blue,,,Dodo,,,,,
,blond,,,Diucón,,,,,
,blind,,,Diuca,,,,,
,bleak,,,Dingo,,,,,
,blank,,,Díbler,,,,,
,bland,,,Diablo,,,,,
,black,,,Desmán,,,,,
,bitter,,,Dentón,,,,,
,big,,,Delfín,,,,,
,better,,,Delfin,,,,,
,best,,,Degú,,,,,
,basic,,,Danta,,,,,
,barren,,,Danio,,,,,
,bare,,,Damán,,,,,
,baggy,,,Dafnia,,,,,
,bad,,,Cutín,,,,,
,back,,,Cutia,,,,,
,awful,,,Cuscús,,,,,
,aware,,,Cururo,,,,,
,arid,,,Curiyú,,,,,
,arctic,,,Cuón,,,,,
,apt,,,Cuol,,,,,
,any,,,Cuna,,,,,
,annual,,,Cuis,,,,,
,angry,,,Cuervo,,,,,
,amused,,,Cuco,,,,,
,ample,,,Cucha,,,,,
,all,,,Cucal,,,,,
,alive,,,Cubla,,,,,
,alert,,,Cuatro,,,,,
,ajar,,,Cuaga,,,,,
,agile,,,Cúa,,,,,
,aged,,,Críalo,,,,,
,afraid,,,Coyote,,,,,
,adored,,,Cotuza,,,,,
,adept,,,Cotúa,,,,,
,actual,,,Cotara,,,,,
,active,,,Corzo,,,,,
,acidic,,,Corúa,,,,,
,aching,,,Coral,,,,,
,able,,,Coquí,,,,,
,,,,Conejo,,,,,
,,,,Cóndor,,,,,
,,,,Concón,,,,,
,,,,Concha,,,,,
,,,,Colugo,,,,,
,,,,Coludo,,,,,
,,,,Colobo,,,,,
,,,,Colín,,,,,
,,,,Cola,,,,,
,,,,Coipo,,,,,
,,,,Coendú,,,,,
,,,,Cocuy,,,,,
,,,,Cochoa,,,,,
,,,,Cochi,,,,,
,,,,Cobra,,,,,
,,,,Cobo,,,,,
,,,,Cobia,,,,,
,,,,Cobaya,,,,,
,,,,Coatí,,,,,
,,,,Civeta,,,,,
,,,,Cisne,,,,,
,,,,Cinta,,,,,
,,,,Cínife,,,,,
,,,,Cigua,,,,,
,,,,Cigala,,,,,
,,,,Ciervo,,,,,
,,,,Chuña,,,,,
,,,,Chucla,,,,,
,,,,Chova,,,,,
,,,,Chotoy,,,,,
,,,,Choto,,,,,
,,,,Chorlo,,,,,
,,,,Chopí,,,,,
,,,,Chopa,,,,,
,,,,Choco,,,,,
,,,,Chocha,,,,,
,,,,Chivo,,,,,
,,,,Chital,,,,,
,,,,Chirú,,,,,
,,,,Chirla,,,,,
,,,,Chipe,,,,,
,,,,Chinuc,,,,,
,,,,Cherna,,,,,
,,,,Chelco,,,,,
,,,,Charal,,,,,
,,,,Chara,,,,,
,,,,Chango,,,,,
,,,,Chajá,,,,,
,,,,Chagra,,,,,
,,,,Chacal,,,,,
,,,,Cetia,,,,,
,,,,Cerdo,,,,,
,,,,Cebú,,,,,
,,,,Cebra,,,,,
,,,,Cazón,,,,,
,,,,Catita,,,,,
,,,,Catemo,,,,,
,,,,Catán,,,,,
,,,,Castor,,,,,
,,,,Carrao,,,,,
,,,,Carpín,,,,,
,,,,Carpa,,,,,
,,,,Carite,,,,,
,,,,Caribú,,,,,
,,,,Cárabo,,,,,
,,,,Cao,,,,,
,,,,Cantil,,,,,
,,,,Candil,,,,,
,,,,Camea,,,,,
,,,,Cama,,,,,
,,,,Cálao,,,,,
,,,,Cajaro,,,,,
,,,,Caique,,,,,
,,,,Caimán,,,,,
,,,,Cacho,,,,,
,,,,Cabra,,,,,
,,,,Cabasú,,,,,
,,,,Burro,,,,,
,,,,Bulbul,,,,,
,,,,Buitre,,,,,
,,,,Búho,,,,,
,,,,Búfalo,,,,,
,,,,Buey,,,,,
,,,,Budión,,,,,
,,,,Buco,,,,,
,,,,Bubute,,,,,
,,,,Bubú,,,,,
,,,,Búbalo,,,,,
,,,,Bruja,,,,,
,,,,Brubrú,,,,,
,,,,Broma,,,,,
,,,,Brema,,,,,
,,,,Breca,,,,,
,,,,Boyero,,,,,
,,,,Botón,,,,,
,,,,Boto,,,,,
,,,,Bosbok,,,,,
,,,,Bonobo,,,,,
,,,,Bonito,,,,,
,,,,Bongo,,,,,
,,,,Bolo,,,,,
,,,,Boga,,,,,
,,,,Bodión,,,,,
,,,,Bocón,,,,,
,,,,Boca,,,,,
,,,,Boa,,,,,
,,,,Blenia,,,,,
,,,,Birro,,,,,
,,,,Bilbi,,,,,
,,,,Biguá,,,,,
,,,,Bígaro,,,,,
,,,,Bichir,,,,,
,,,,Bias,,,,,
,,,,Besugo,,,,,
,,,,Beluga,,,,,
,,,,Bejel,,,,,
,,,,Beira,,,,,
,,,,Becada,,,,,
,,,,Baza,,,,,
,,,,Batis,,,,,
,,,,Batará,,,,,
,,,,Barbo,,,,,
,,,,Baral,,,,,
,,,,Balano,,,,,
,,,,Baila,,,,,
,,,,Baiji,,,,,
,,,,Bagre,,,,,
,,,,Babosa,,,,,
,,,,Azulón,,,,,
,,,,Azor,,,,,
,,,,Ayu,,,,,
,,,,Avispa,,,,,
,,,,Avión,,,,,
,,,,Avesol,,,,,
,,,,Ave,,,,,
,,,,Aura,,,,,
,,,,Atún,,,,,
,,,,Atila,,,,,
,,,,Aspio,,,,,
,,,,Áspid,,,,,
,,,,Asno,,,,,
,,,,Asitis,,,,,
,,,,Aruco,,,,,
,,,,Artamo,,,,,
,,,,Arruí,,,,,
,,,,Armiño,,,,,
,,,,Arirai,,,,,
,,,,Argos,,,,,
,,,,Argalí,,,,,
,,,,Arao,,,,,
,,,,Araña,,,,,
,,,,Arador,,,,,
,,,,Apereá,,,,,
,,,,Apalis,,,,,
,,,,Añuma,,,,,
,,,,Añuje,,,,,
,,,,Anta,,,,,
,,,,Ánsar,,,,,
,,,,Anón,,,,,
,,,,Anolis,,,,,
,,,,Anoa,,,,,
,,,,Anjova,,,,,
,,,,Aninga,,,,,
,,,,Angú,,,,,
,,,,Anchoa,,,,,
,,,,Anambé,,,,,
,,,,Ánade,,,,,
,,,,Amia,,,,,
,,,,Alpaca,,,,,
,,,,Alosa,,,,,
,,,,Almeja,,,,,
,,,,Alitán,,,,,
,,,,Alete,,,,,
,,,,Alción,,,,,
,,,,Alce,,,,,
,,,,Alca,,,,,
,,,,Alacha,,,,,
,,,,Ahulla,,,,,
,,,,Agutí,,,,,
,,,,Agujón,,,,,
,,,,Aguja,,,,,
,,,,Águila,,,,,
,,,,Aguila,,,,,
,,,,Aguará,,,,,
,,,,Agama,,,,,
,,,,Addax,,,,,
,,,,Acuchí,,,,,
,,,,Acocil,,,,,
,,,,Acevia,,,,,
,,,,Acedía,,,,,
,,,,Ácaro,,,,,
,,,,Abulón,,,,,
,,,,Abrojo,,,,,
,,,,Abeja,,,,,
,,,,Abanto,,,,,
,,,,,,,,,
